	1	2	3	4	5	6	7	8	9	10	11	12	13	14	15	16	17	18	19	full_data	countries	categories	affs_names
0	Pedro González-Barrachina, University of Alicante	María Alfaro-Contreras, University of Alicante	Jorge Calvo-Zaragoza, University of Alicante																	Pedro González-Barrachina, University of Alicante, ESP, education; María Alfaro-Contreras, University of Alicante, ESP, education; Jorge Calvo-Zaragoza, University of Alicante, ESP, education	ESP, ESP, ESP	education, education, education	University of Alicante, University of Alicante, University of Alicante
1	Elena Georgieva, NYU	Pablo Ripollés, New York University	Brian McFee, New York University																	Elena Georgieva, NYU, USA, education; Pablo Ripollés, New York University, USA, education; Brian McFee, New York University, USA, education	USA, USA, USA	education, education, education	NYU, New York University, New York University
2	Jiwoo Ryu, Sogang University	Hao-Wen Dong, University of Michigan	Jongmin Jung, Sogang University	Dasaem Jeong, Sogang University																Jiwoo Ryu, Sogang University, KOR, education; Hao-Wen Dong, University of Michigan, USA, education; Jongmin Jung, Sogang University, KOR, education; Dasaem Jeong, Sogang University, KOR, education	KOR, USA, KOR, KOR	education, education, education, education	Sogang University, University of Michigan, Sogang University, Sogang University
3	Yun-Han Lan, Taiwan AI Labs	Wen-Yi Hsiao, Taiwan AI Labs	Hao-Chung Cheng, National Taiwan University	Yi-Hsuan Yang, National Taiwan University																Yun-Han Lan, Taiwan AI Labs, TWN, company; Wen-Yi Hsiao, Taiwan AI Labs, TWN, company; Hao-Chung Cheng, National Taiwan University, TWN, education; Yi-Hsuan Yang, National Taiwan University, TWN, education	TWN, TWN, TWN, TWN	company, company, education, education	Taiwan AI Labs, Taiwan AI Labs, National Taiwan University, National Taiwan University
4	Noelia N Luna-Barahona, Universidad de Alicante	Adrián Roselló, Universidad de Alicante	María Alfaro-Contreras, University of Alicante	David Rizo, University of Alicante. Instituto Superior de Enseñanzas Artísrticas de la Comunidad Valenciana	Jorge Calvo-Zaragoza, University of Alicante															Noelia N Luna-Barahona, Universidad de Alicante, ESP, education; Adrián Roselló, Universidad de Alicante, ESP, education; María Alfaro-Contreras, University of Alicante, ESP, education; David Rizo, University of Alicante. Instituto Superior de Enseñanzas Artísticas de la Comunidad Valenciana, ESP, education; Jorge Calvo-Zaragoza, University of Alicante, ESP, education	ESP, ESP, ESP, ESP, ESP	education, education, education, education, education	Universidad de Alicante, Universidad de Alicante, University of Alicante, University of Alicante. Instituto Superior de Enseñanzas Artísticas de la Comunidad Valenciana, University of Alicante
5	Patricia Hu, Johannes Kepler University	Lukáš Samuel Marták, Johannes Kepler University Linz	Carlos Eduardo Cancino-Chacón, Johannes Kepler University Linz	Gerhard Widmer, Johannes Kepler University																Patricia Hu, Johannes Kepler University, AUT, education; Lukáš Samuel Marták, Johannes Kepler University Linz, AUT, education; Carlos Eduardo Cancino-Chacón, Johannes Kepler University Linz, AUT, education; Gerhard Widmer, Johannes Kepler University, AUT, education	AUT, AUT, AUT, AUT	education, education, education, education	Johannes Kepler University, Johannes Kepler University Linz, Johannes Kepler University Linz, Johannes Kepler University
6	Tsung-Ping Chen, Kyoto University	Kazuyoshi Yoshii, Kyoto University																		Tsung-Ping Chen, Kyoto University, JPN, education; Kazuyoshi Yoshii, Kyoto University, JPN, education	JPN, JPN	education, education	Kyoto University, Kyoto University
7	Sujoy Roychowdhury, Indian Institute of Technology Bombay	Preeti Rao, Indian Institute of Technology  Bombay	Sharat Chandran, IIT Bombay																	Sujoy Roychowdhury, Indian Institute of Technology Bombay, IND, education; Preeti Rao, Indian Institute of Technology Bombay, IND, education; Sharat Chandran, IIT Bombay, IND, education	IND, IND, IND	education, education, education	Indian Institute of Technology Bombay, Indian Institute of Technology Bombay, IIT Bombay
8	Lidia J Morris, University of Washington	Rebecca Leger, Fraunhofer IIS	Michele Newman, University of Washington	John Ashley Burgoyne, University of Amsterdam	Ryan Groves, Self-employed	Natasha Mangal, CISAC	Jin Ha Lee, University of Washington													Lidia J Morris, University of Washington, USA, education; Rebecca Leger, Fraunhofer IIS, DEU, facility; Michele Newman, University of Washington, USA, education; John Ashley Burgoyne, University of Amsterdam, NLD, education; Ryan Groves, Self-employed, N/A, company; Natasha Mangal, CISAC, FRA, facility; Jin Ha Lee, University of Washington, USA, education	USA, DEU, USA, NLD, N/A, FRA, USA	education, facility, education, education, company, facility, education	University of Washington, Fraunhofer IIS, University of Washington, University of Amsterdam, Self-employed, CISAC, University of Washington
9	Jinlong ZHU, Hokkaido University	Keigo Sakurai, Hokkaido University	Ren Togo, Hokkaido University	Takahiro Ogawa, Hokkaido University	Miki Haseyama, Hokkaido University															Jinlong ZHU, Hokkaido University, JPN, education; Keigo Sakurai, Hokkaido University, JPN, education; Ren Togo, Hokkaido University, JPN, education; Takahiro Ogawa, Hokkaido University, JPN, education; Miki Haseyama, Hokkaido University, JPN, education	JPN, JPN, JPN, JPN, JPN	education, education, education, education, education	Hokkaido University, Hokkaido University, Hokkaido University, Hokkaido University, Hokkaido University
10	Nicholas Cornia, Orpheus Instituut	Bruno Forment, Orpheus Instituut																		Nicholas Cornia, Orpheus Instituut, BEL, education; Bruno Forment, Orpheus Instituut, BEL, education	BEL, BEL	education, education	Orpheus Instituut, Orpheus Instituut
11	Julian Lenz, Lemonaide 	Anirudh Mani, Lemonaide																		Julian Lenz, Lemonaide, company; Anirudh Mani, Lemonaide, company	company, company	company, company	Lemonaide, Lemonaide
12	Yu-Hua Chen, NTU	Yen-Tung Yeh, National Taiwan University	Yuan-Chiao Cheng, Positive Grid	Jui-Te Wu, Positive Grid	 Yu-Hsiang Ho, Positive Grid 	Jyh-Shing Roger Jang, National Taiwan University	Yi-Hsuan Yang, National Taiwan University													Yu-Hua Chen, NTU, TWN, education; Yen-Tung Yeh, National Taiwan University, TWN, education; Yuan-Chiao Cheng, Positive Grid, TWN, company; Jui-Te Wu, Positive Grid, TWN, company; Yu-Hsiang Ho, Positive Grid, TWN, company; Jyh-Shing Roger Jang, National Taiwan University, TWN, education; Yi-Hsuan Yang, National Taiwan University, TWN, education	TWN, TWN, TWN, TWN, TWN, TWN, TWN	education, education, company, company, company, education, education	NTU, National Taiwan University, Positive Grid, Positive Grid, Positive Grid, National Taiwan University, National Taiwan University
13	Xingjian Du, University of Rochester	Zou Pei, ByteDance	Mingyu Liu, ByteDance	Xia Liang, Bytedance	Huidong Liang, University of Oxford	Minghang Chu, Bytedance	Zijie Wang, ByteDance	Bilei Zhu, ByteDance AI Lab												Xingjian Du, University of Rochester, USA, education; Zou Pei, ByteDance, CHN, company; Mingyu Liu, ByteDance, CHN, company; Xia Liang, Bytedance, CHN, company; Huidong Liang, University of Oxford, GBR, education; Minghang Chu, Bytedance, CHN, company; Zijie Wang, ByteDance, CHN, company; Bilei Zhu, ByteDance AI Lab, CHN, company	USA, CHN, CHN, CHN, GBR, CHN, CHN, CHN	education, company, company, company, education, company, company, company	University of Rochester, ByteDance, ByteDance, Bytedance, University of Oxford, Bytedance, ByteDance, ByteDance AI Lab
14	Eun Ji Oh, KAIST	Hyunjae Kim, KAIST	Kyung Myun Lee, KAIST																	Eun Ji Oh, KAIST, KOR, education; Hyunjae Kim, KAIST, KOR, education; Kyung Myun Lee, KAIST, KOR, education	KOR, KOR, KOR	education, education, education	KAIST, KAIST, KAIST
15	Hendrik Vincent Koops, Universal Music Group	Gianluca Micchi, Universal Music Group	Elio Quinton, Universal Music Group																	Hendrik Vincent Koops, Universal Music Group, USA, company; Gianluca Micchi, Universal Music Group, USA, company; Elio Quinton, Universal Music Group, USA, company	USA, USA, USA	company, company, company	Universal Music Group, Universal Music Group, Universal Music Group
16	Takayuki Nakatsuka, National Institute of Advanced Industrial Science and Technology (AIST)	 Masahiro Hamasaki, National Institute of Advanced Industrial Science and Technology (AIST)	 Masataka Goto (National Institute of Advanced Industrial Science and Technology (AIST)																	Takayuki Nakatsuka, National Institute of Advanced Industrial Science and Technology (AIST), JPN, facility; Masahiro Hamasaki, National Institute of Advanced Industrial Science and Technology (AIST), JPN, facility; Masataka Goto, National Institute of Advanced Industrial Science and Technology (AIST), JPN, facility	JPN, JPN, JPN	facility, facility, facility	National Institute of Advanced Industrial Science and Technology (AIST), National Institute of Advanced Industrial Science and Technology (AIST), National Institute of Advanced Industrial Science and Technology (AIST)
17	Silas Antonisen, University of Granada	Iván López-Espejo, University of Granada																		Silas Antonisen, University of Granada, ESP, education; Iván López-Espejo, University of Granada, ESP, education	ESP, ESP	education, education	University of Granada, University of Granada
18	Ngan V.T. Nguyen, University of Science, Vietnam Nation University Ho Chi Minh City	Elizabeth A.M. Acosta, Texas Tech University	Tommy Dang, Texas Tech University	David R.W. Sears, Texas Tech University																Ngan V.T. Nguyen, University of Science, Vietnam National University Ho Chi Minh City, VNM, education; Elizabeth A.M. Acosta, Texas Tech University, USA, education; Tommy Dang, Texas Tech University, USA, education; David R.W. Sears, Texas Tech University, USA, education	Vietnam National University Ho Chi Minh City, USA, USA, USA	education, education, education, education	University of Science, Texas Tech University, Texas Tech University, Texas Tech University
19	Muhammad Taimoor Haseeb, Mohamed bin Zayed University of Artificial Intelligence	Ahmad Hammoudeh, Mohamed bin Zayed University of Artificial Intelligence	Gus Xia, Mohamed bin Zayed University of Artificial Intelligence																	Muhammad Taimoor Haseeb, Mohamed bin Zayed University of Artificial Intelligence, ARE, education; Ahmad Hammoudeh, Mohamed bin Zayed University of Artificial Intelligence, ARE, education; Gus Xia, Mohamed bin Zayed University of Artificial Intelligence, ARE, education	ARE, ARE, ARE	education, education, education	Mohamed bin Zayed University of Artificial Intelligence, Mohamed bin Zayed University of Artificial Intelligence, Mohamed bin Zayed University of Artificial Intelligence
20	Venkatakrishnan Vaidyanathapuram Krishnan, Georgia Institute of Technology	Noel Alben, Georgia Institute Of Technology	Anish Nair, Georgia Institute of Technology	Nathaniel Condit-Schultz, Georgia Institute of Technology																Venkatakrishnan Vaidyanathapuram Krishnan, Georgia Institute of Technology, USA, education; Noel Alben, Georgia Institute Of Technology, USA, education; Anish Nair, Georgia Institute of Technology, USA, education; Nathaniel Condit-Schultz, Georgia Institute of Technology, USA, education	USA, USA, USA, USA	education, education, education, education	Georgia Institute of Technology, Georgia Institute Of Technology, Georgia Institute of Technology, Georgia Institute of Technology
21	Robert Sowula, TU Wien	Peter Knees, TU Wien																		Robert Sowula, TU Wien, AUT, education; Peter Knees, TU Wien, AUT, education	AUT, AUT	education, education	TU Wien, TU Wien
22	Lucas S Maia, Universidade Federal do Rio de Janeiro	Richa Namballa, New York University	Martín Rocamora, Universidad de la República	Magdalena Fuentes, New York University	Carlos Guedes, NYU Abu Dhabi															Lucas S Maia, Universidade Federal do Rio de Janeiro, BRA, education; Richa Namballa, New York University, USA, education; Martín Rocamora, Universidad de la República, URY, education; Magdalena Fuentes, New York University, USA, education; Carlos Guedes, NYU Abu Dhabi, ARE, education	BRA, USA, URY, USA, ARE	education, education, education, education, education	Universidade Federal do Rio de Janeiro, New York University, Universidad de la República, New York University, NYU Abu Dhabi
23	Silvan David Peter, JKU	Gerhard Widmer, Johannes Kepler University																		Silvan David Peter, JKU, AUT, education; Gerhard Widmer, Johannes Kepler University, AUT, education	AUT, AUT	education, education	JKU, Johannes Kepler University
24	Kartik Ohri, MetaBrainz Foundation Inc.	Robert Kaye, MetaBrainz Foundation Inc.																		Kartik Ohri, MetaBrainz Foundation Inc., USA, non-profit; Robert Kaye, MetaBrainz Foundation Inc., USA, non-profit	USA, USA	non-profit, non-profit	MetaBrainz Foundation Inc., MetaBrainz Foundation Inc.
25	Hitoshi Suda, National Institute of Advanced Industrial Science and Technology (AIST)	 Shunsuke Yoshida, The University of Tokyo	 Tomohiko Nakamura, National Institute of Advanced Industrial Science and Technology (AIST)	 Satoru Fukayama, National Institute of Advanced Industrial Science and Technology (AIST)	 Jun Ogata, National Institute of Advanced Industrial Science and Technology (AIST)															Hitoshi Suda, National Institute of Advanced Industrial Science and Technology (AIST), JPN, facility; Shunsuke Yoshida, The University of Tokyo, JPN, education; Tomohiko Nakamura, National Institute of Advanced Industrial Science and Technology (AIST), JPN, facility; Satoru Fukayama, National Institute of Advanced Industrial Science and Technology (AIST), JPN, facility; Jun Ogata, National Institute of Advanced Industrial Science and Technology (AIST), JPN, facility	JPN, JPN, JPN, JPN, JPN	facility, education, facility, facility, facility	National Institute of Advanced Industrial Science and Technology (AIST), The University of Tokyo, National Institute of Advanced Industrial Science and Technology (AIST), National Institute of Advanced Industrial Science and Technology (AIST), National Institute of Advanced Industrial Science and Technology (AIST)
26	Andrew M. Demetriou, Delft University of Technology	Jaehun Kim, Pandora / SiriusXM	Cynthia Liem, Delft University of Technology																	Andrew M. Demetriou, Delft University of Technology, NLD, education; Jaehun Kim, Pandora / SiriusXM, USA, company; Cynthia Liem, Delft University of Technology, NLD, education	NLD, USA, NLD	education, company, education	Delft University of Technology, Pandora / SiriusXM, Delft University of Technology
27	Johannes Zeitler, International Audio Laboratories Erlangen	Ben Maman, Tel Aviv University	Meinard Müller, International Audio Laboratories Erlangen																	Johannes Zeitler, International Audio Laboratories Erlangen, DEU, facility; Ben Maman, Tel Aviv University, ISR, education; Meinard Müller, International Audio Laboratories Erlangen, DEU, facility	DEU, ISR, DEU	facility, education, facility	International Audio Laboratories Erlangen, Tel Aviv University, International Audio Laboratories Erlangen
28	Pedro Ramoneda, Universitat Pompeu Fabra	Vsevolod E Eremenko, Music Technology Group at Universitat Pompeu Fabra	Alexandre D'Hooge, Université de Lille	Emilia Parada-Cabaleiro, Nuremberg University of Music	Xavier Serra, Universitat Pompeu Fabra															Pedro Ramoneda, Universitat Pompeu Fabra, ESP, education; Vsevolod E Eremenko, Music Technology Group at Universitat Pompeu Fabra, ESP, education; Alexandre D'Hooge, Université de Lille, FRA, education; Emilia Parada-Cabaleiro, Nuremberg University of Music, DEU, education; Xavier Serra, Universitat Pompeu Fabra, ESP, education	ESP, ESP, FRA, DEU, ESP	education, education, education, education, education	Universitat Pompeu Fabra, Music Technology Group at Universitat Pompeu Fabra, Université de Lille, Nuremberg University of Music, Universitat Pompeu Fabra
29	Ju-Chiang Wang, ByteDance	Wei-Tsung Lu, New Your University	Jitong Chen, ByteDance																	Ju-Chiang Wang, ByteDance, CHN, company; Wei-Tsung Lu, New York University, USA, education; Jitong Chen, ByteDance, CHN, company	CHN, USA, CHN	company, education, company	ByteDance, New York University, ByteDance
30	Andrew C Edwards, QMUL	Xavier Riley, C4DM	Pedro Pereira Sarmento, Centre for Digital Music	Simon Dixon, Queen Mary University of London																Andrew C Edwards, QMUL, GBR, education; Xavier Riley, C4DM, GBR, education; Pedro Pereira Sarmento, Centre for Digital Music, GBR, education; Simon Dixon, Queen Mary University of London, GBR, education	GBR, GBR, GBR, GBR	education, education, education, education	QMUL, C4DM, Centre for Digital Music, Queen Mary University of London
31	Marco Pasini, Queen Mary University of London	Stefan Lattner, Sony Computer Science Laboratories, Paris	George Fazekas, QMUL																	Marco Pasini, Queen Mary University of London, GBR, education; Stefan Lattner, Sony Computer Science Laboratories, Paris, FRA, company; George Fazekas, QMUL, GBR, education	GBR, Paris, GBR	education, company, education	Queen Mary University of London, Sony Computer Science Laboratories, QMUL
32	Nathaniel Condit-Schultz, Georgia Institute of Technology																			Nathaniel Condit-Schultz, Georgia Institute of Technology, USA, education	USA	education	Georgia Institute of Technology
33	Jingyue Huang, New York University	Ke Chen, University of California San Diego	Yi-Hsuan Yang, National Taiwan University																	Jingyue Huang, New York University, USA, education; Ke Chen, University of California San Diego, USA, education; Yi-Hsuan Yang, National Taiwan University, TWN, education	USA, USA, TWN	education, education, education	New York University, University of California San Diego, National Taiwan University
34	Jyoti Narang, Student	Nazif Can Tamer, Universitat Pompeu Fabra	Viviana De La Vega, Escola Superior de Música de Catalunya	Xavier Serra, Universitat Pompeu Fabra																Jyoti Narang, Student, N/A, N/A; Nazif Can Tamer, Universitat Pompeu Fabra, ESP, education; Viviana De La Vega, Escola Superior de Música de Catalunya, ESP, education; Xavier Serra, Universitat Pompeu Fabra, ESP, education	N/A, ESP, ESP, ESP	N/A, education, education, education	Student, Universitat Pompeu Fabra, Escola Superior de Música de Catalunya, Universitat Pompeu Fabra
35	Nils Demerlé, IRCAM	Philippe  Esling, IRCAM	Guillaume Doras, Ircam	David Genova, Ircam																Nils Demerlé, IRCAM, FRA, facility; Philippe Esling, IRCAM, FRA, facility; Guillaume Doras, Ircam, FRA, facility; David Genova, Ircam, FRA, facility	FRA, FRA, FRA, FRA	facility, facility, facility, facility	IRCAM, IRCAM, Ircam, Ircam
36	Kun Fang, McGill University	Ziyu Wang, NYU Shanghai	Gus Xia, New York University Shanghai	Ichiro Fujinaga, McGill University																Kun Fang, McGill University, CAN, education; Ziyu Wang, NYU Shanghai, CHN, education; Gus Xia, New York University Shanghai, CHN, education; Ichiro Fujinaga, McGill University, CAN, education	CAN, CHN, CHN, CAN	education, education, education, education	McGill University, NYU Shanghai, New York University Shanghai, McGill University
37	Zach Evans, Stability AI	Julian D Parker, Stability AI	CJ Carr, Stability AI	Zachary Zuckowski, Stability AI	Josiah Taylor, Stability AI	Jordi Pons, Stability AI														Zach Evans, Stability AI, GBR, company; Julian D Parker, Stability AI, GBR, company; CJ Carr, Stability AI, GBR, company; Zachary Zuckowski, Stability AI, GBR, company; Josiah Taylor, Stability AI, GBR, company; Jordi Pons, Stability AI, GBR, company	GBR, GBR, GBR, GBR, GBR, GBR	company, company, company, company, company, company	Stability AI, Stability AI, Stability AI, Stability AI, Stability AI, Stability AI
38	Seikoh Fukuda, PTNA Research Institute of Music	Yuko Fukuda, Kyoritsu Women’s University, To-on Kikaku Company	Ami Motomura, To-on Kikaku Company	Eri Sasao, To-on Kikaku Company	Masamichi Hosoda, NTT East Corporation	Masaki Matsubara, University of Tsukuba	Masahiro Niitsuma, Keio University													Seikoh Fukuda, PTNA Research Institute of Music, JPN, facility; Yuko Fukuda, Kyoritsu Women’s University, JPN, education; Yuko Fukuda, To-on Kikaku Company, JPN, company; Ami Motomura, To-on Kikaku Company, JPN, company; Eri Sasao, To-on Kikaku Company, JPN, company; Masamichi Hosoda, NTT East Corporation, JPN, company; Masaki Matsubara, University of Tsukuba, JPN, education; Masahiro Niitsuma, Keio University, JPN, education	JPN, JPN, JPN, JPN, JPN, JPN, JPN, JPN	facility, education, company, company, company, company, education, education	PTNA Research Institute of Music, Kyoritsu Women’s University, To-on Kikaku Company, To-on Kikaku Company, To-on Kikaku Company, NTT East Corporation, University of Tsukuba, Keio University
39	Juan Carlos Martinez-Sevilla, University of Alicante	David Rizo, University of Alicante. Instituto Superior de Enseñanzas Artísrticas de la Comunidad Valenciana	Jorge Calvo-Zaragoza, University of Alicante																	Juan Carlos Martinez-Sevilla, University of Alicante, ESP, education; David Rizo, University of Alicante. Instituto Superior de Enseñanzas Artísticas de la Comunidad Valenciana, ESP, education; Jorge Calvo-Zaragoza, University of Alicante, ESP, education	ESP, ESP, ESP	education, education, education	University of Alicante, University of Alicante. Instituto Superior de Enseñanzas Artísticas de la Comunidad Valenciana, University of Alicante
40	Andre Holzapfel, KTH Royal Institute of Technology in Stockholm	Anna-Kaisa Kaila, KTH Royal Institute of Technology, Stockholm	Petra Jääskeläinen, KTH																	Andre Holzapfel, KTH Royal Institute of Technology in Stockholm, SWE, education; Anna-Kaisa Kaila, KTH Royal Institute of Technology, Stockholm, SWE, education; Petra Jääskeläinen, KTH, SWE, education	SWE, Stockholm, SWE	education, education, education	KTH Royal Institute of Technology in Stockholm, KTH Royal Institute of Technology, KTH
41	Léo Géré, Cnam	Nicolas Audebert, IGN	Philippe Rigaux, Cnam																	Léo Géré, Cnam, FRA, education; Nicolas Audebert, IGN, FRA, facility; Philippe Rigaux, Cnam, FRA, education	FRA, FRA, FRA	education, facility, education	Cnam, IGN, Cnam
42	Hugo T. Carvalho, Federal University of Rio de Janeiro	Min S. Li, University of Birmingham	Massimiliano Di Luca, University of Birmingham	Alan M. Wing, University of Birmingham																Hugo T. Carvalho, Federal University of Rio de Janeiro, BRA, education; Min S. Li, University of Birmingham, GBR, education; Massimiliano Di Luca, University of Birmingham, GBR, education; Alan M. Wing, University of Birmingham, GBR, education	BRA, GBR, GBR, GBR	education, education, education, education	Federal University of Rio de Janeiro, University of Birmingham, University of Birmingham, University of Birmingham
43	Christian J. Steinmetz, Queen Mary University of London	Shubhr singh, Queen Mary University of London	Marco Comunita, Queen Mary University of London	Ilias Ibnyahya, Queen Mary University of London	Shanxin Yuan, Queen Mary University of London	Emmanouil Benetos, Queen Mary University of London	Joshua D. Reiss, Queen Mary University of London													Christian J. Steinmetz, Queen Mary University of London, GBR, education; Shubhr singh, Queen Mary University of London, GBR, education; Marco Comunita, Queen Mary University of London, GBR, education; Ilias Ibnyahya, Queen Mary University of London, GBR, education; Shanxin Yuan, Queen Mary University of London, GBR, education; Emmanouil Benetos, Queen Mary University of London, GBR, education; Joshua D. Reiss, Queen Mary University of London, GBR, education	GBR, GBR, GBR, GBR, GBR, GBR, GBR	education, education, education, education, education, education, education	Queen Mary University of London, Queen Mary University of London, Queen Mary University of London, Queen Mary University of London, Queen Mary University of London, Queen Mary University of London, Queen Mary University of London
44	Yujia Yan, University of Rochester	Zhiyao Duan, University of Rochester																		Yujia Yan, University of Rochester, USA, education; Zhiyao Duan, University of Rochester, USA, education	USA, USA	education, education	University of Rochester, University of Rochester
45	Malcolm Sailor, Yale University																			Malcolm Sailor, Yale University, USA, education	USA	education	Yale University
46	Owen Green, Max Planck Institute for Empirical Aesthetics	Bob L. T.  Sturm, KTH Royal Institute of Technology	Georgina Born, University College London	Melanie Wald-Fuhrmann, Max Planck Institute for Empirical Aesthetics																Owen Green, Max Planck Institute for Empirical Aesthetics, DEU, facility; Bob L. T. Sturm, KTH Royal Institute of Technology, SWE, education; Georgina Born, University College London, GBR, education; Melanie Wald-Fuhrmann, Max Planck Institute for Empirical Aesthetics, DEU, facility	DEU, SWE, GBR, DEU	facility, education, education, facility	Max Planck Institute for Empirical Aesthetics, KTH Royal Institute of Technology, University College London, Max Planck Institute for Empirical Aesthetics
47	Francesco Foscarin, Johannes Kepler University Linz	Jan Schlüter, JKU Linz	Gerhard Widmer, Johannes Kepler University																	Francesco Foscarin, Johannes Kepler University Linz, AUT, education; Jan Schlüter, JKU Linz, AUT, education; Gerhard Widmer, Johannes Kepler University, AUT, education	AUT, AUT, AUT	education, education, education	Johannes Kepler University Linz, JKU Linz, Johannes Kepler University
48	Saebyul Park, KAIST	Halla Kim, KAIST	Jiye Jung, Heinrich Heine University Düsseldorf	Juyong Park, KAIST	Jeounghoon Kim, KAIST	Juhan Nam, KAIST														Saebyul Park, KAIST, KOR, education; Halla Kim, KAIST, KOR, education; Jiye Jung, Heinrich Heine University Düsseldorf, DEU, education; Juyong Park, KAIST, KOR, education; Jeounghoon Kim, KAIST, KOR, education; Juhan Nam, KAIST, KOR, education	KOR, KOR, DEU, KOR, KOR, KOR	education, education, education, education, education, education	KAIST, KAIST, Heinrich Heine University Düsseldorf, KAIST, KAIST, KAIST
49	Hyon Kim, Universitat Pompeu Fabra	Xavier Serra, Universitat Pompeu Fabra																		Hyon Kim, Universitat Pompeu Fabra, ESP, education; Xavier Serra, Universitat Pompeu Fabra, ESP, education	ESP, ESP	education, education	Universitat Pompeu Fabra, Universitat Pompeu Fabra
50	Tomoyasu Nakano, National Institute of Advanced Industrial Science and Technology (AIST)	 Masataka Goto, National Institute of Advanced Industrial Science and Technology (AIST)																		Tomoyasu Nakano, National Institute of Advanced Industrial Science and Technology (AIST), JPN, facility; Masataka Goto, National Institute of Advanced Industrial Science and Technology (AIST), JPN, facility	JPN, JPN	facility, facility	National Institute of Advanced Industrial Science and Technology (AIST), National Institute of Advanced Industrial Science and Technology (AIST)
51	Yannis Vasilakis, Queen Mary University of London	Rachel Bittner, Spotify	Johan Pauwels, Queen Mary University of London																	Yannis Vasilakis, Queen Mary University of London, GBR, education; Rachel Bittner, Spotify, USA, company; Johan Pauwels, Queen Mary University of London, GBR, education	GBR, USA, GBR	education, company, education	Queen Mary University of London, Spotify, Queen Mary University of London
52	Danbinaerin Han, KAIST	Mark R H Gotham, Durham	DongMin Kim, Sogang University	Hannah Park, Sogang University	Sihun Lee, Sogang University	Dasaem Jeong, Sogang University														Danbinaerin Han, KAIST, KOR, education; Mark R H Gotham, Durham, GBR, education; DongMin Kim, Sogang University, KOR, education; Hannah Park, Sogang University, KOR, education; Sihun Lee, Sogang University, KOR, education; Dasaem Jeong, Sogang University, KOR, education	KOR, GBR, KOR, KOR, KOR, KOR	education, education, education, education, education, education	KAIST, Durham, Sogang University, Sogang University, Sogang University, Sogang University
53	Pavani B Chowdary, International Institute of Information Technology, Hyderabad	Bhavyajeet Singh, International Institute of Information Technology, Hyderabad 	Rajat Agarwal, International Institute of Information Technology	Vinoo  Alluri, IIIT - Hyderabad																Pavani B Chowdary, International Institute of Information Technology, Hyderabad, IND, education; Bhavyajeet Singh, International Institute of Information Technology, Hyderabad, IND, education; Rajat Agarwal, International Institute of Information Technology, Hyderabad, IND, education; Vinoo Alluri, International Institute of Information Technology, Hyderabad, IND, education	Hyderabad, Hyderabad, Hyderabad, Hyderabad	education, education, education, education	International Institute of Information Technology, International Institute of Information Technology, International Institute of Information Technology, International Institute of Information Technology
54	Shangda Wu, Central Conservatory of Music	Yashan Wang, Central Conservatory of Music	Xiaobing Li, Central Conservatory of Music	Feng Yu, Central Conservatory of Music	Maosong Sun, Tsinghua University															Shangda Wu, Central Conservatory of Music, CHN, education; Yashan Wang, Central Conservatory of Music, CHN, education; Xiaobing Li, Central Conservatory of Music, CHN, education; Feng Yu, Central Conservatory of Music, CHN, education; Maosong Sun, Tsinghua University, CHN, education	CHN, CHN, CHN, CHN, CHN	education, education, education, education, education	Central Conservatory of Music, Central Conservatory of Music, Central Conservatory of Music, Central Conservatory of Music, Tsinghua University
55	Tim Beyer, Technical University of Munich	Angela Dai, Technical University of Munich																		Tim Beyer, Technical University of Munich, DEU, education; Angela Dai, Technical University of Munich, DEU, education	DEU, DEU	education, education	Technical University of Munich, Technical University of Munich
56	Vjosa Preniqi, Queen Mary University of London	Iacopo Ghinassi, Queen Mary University of London	Julia Ive, Queen Mary University of London	Kyriaki Kalimeri, ISI Foundation	Charalampos Saitis, Queen Mary University of London															Vjosa Preniqi, Queen Mary University of London, GBR, education; Iacopo Ghinassi, Queen Mary University of London, GBR, education; Julia Ive, Queen Mary University of London, GBR, education; Kyriaki Kalimeri, ISI Foundation, ITA, facility; Charalampos Saitis, Queen Mary University of London, GBR, education	GBR, GBR, GBR, ITA, GBR	education, education, education, facility, education	Queen Mary University of London, Queen Mary University of London, Queen Mary University of London, ISI Foundation, Queen Mary University of London
57	Stephen Hahn, Duke	Weihan Xu, duke	Zirui Yin, Duke University	Rico Zhu, Duke University	Simon Mak, Duke University	Yue Jiang, Duke University	Cynthia Rudin, Duke													Stephen Hahn, Duke, USA, education; Weihan Xu, Duke, USA, education; Zirui Yin, Duke University, USA, education; Rico Zhu, Duke University, USA, education; Simon Mak, Duke University, USA, education; Yue Jiang, Duke University, USA, education; Cynthia Rudin, Duke, USA, education	USA, USA, USA, USA, USA, USA, USA	education, education, education, education, education, education, education	Duke, Duke, Duke University, Duke University, Duke University, Duke University, Duke
58	Haonan Chen, Bytedance Inc.	Jordan B. L. Smith, TikTok	Janne Spijkervet, University of Amsterdam	Ju-Chiang Wang, ByteDance	Pei Zou, Bytedance Inc.	Bochen Li, University of Rochester	Qiuqiang Kong, Byte Dance	Xingjian Du, University of Rochester												Haonan Chen, Bytedance Inc., CHN, company; Jordan B. L. Smith, TikTok, CHN, company; Janne Spijkervet, University of Amsterdam, NLD, education; Ju-Chiang Wang, ByteDance, CHN, company; Pei Zou, Bytedance Inc., CHN, company; Bochen Li, University of Rochester, USA, education; Qiuqiang Kong, Byte Dance, CHN, company; Xingjian Du, University of Rochester, USA, education	CHN, CHN, NLD, CHN, CHN, USA, CHN, USA	company, company, education, company, company, education, company, education	Bytedance Inc., TikTok, University of Amsterdam, ByteDance, Bytedance Inc., University of Rochester, Byte Dance, University of Rochester
59	Irmak Bukey, Carnegie Mellon University	Michael Feffer, Carnegie Mellon University	Chris Donahue, CMU																	Irmak Bukey, Carnegie Mellon University, USA, education; Michael Feffer, Carnegie Mellon University, USA, education; Chris Donahue, CMU, USA, education	USA, USA, USA	education, education, education	Carnegie Mellon University, Carnegie Mellon University, CMU
60	Ziya Zhou, HKUST	Yuhang Wu, Multimodal Art Projection	Zhiyue Wu, Shenzhen University	Xinyue Zhang, Multimodal Art Projection	Ruibin Yuan, CMU	Yinghao MA, Queen Mary University of London	Lu Wang, Shenzhen University	Emmanouil Benetos, Queen Mary University of London	Wei Xue, The Hong Kong University of Science and Technology	Yike Guo, Hong Kong University of Science and Technology										Ziya Zhou, HKUST, HKG, education; Yuhang Wu, Multimodal Art Projection, Unknown, company; Zhiyue Wu, Shenzhen University, CHN, education; Xinyue Zhang, Multimodal Art Projection, Unknown, company; Ruibin Yuan, CMU, USA, education; Yinghao MA, Queen Mary University of London, GBR, education; Lu Wang, Shenzhen University, CHN, education; Emmanouil Benetos, Queen Mary University of London, GBR, education; Wei Xue, The Hong Kong University of Science and Technology, HKG, education; Yike Guo, Hong Kong University of Science and Technology, HKG, education	HKG, Unknown, CHN, Unknown, USA, GBR, CHN, GBR, HKG, HKG	education, company, education, company, education, education, education, education, education, education	HKUST, Multimodal Art Projection, Shenzhen University, Multimodal Art Projection, CMU, Queen Mary University of London, Shenzhen University, Queen Mary University of London, The Hong Kong University of Science and Technology, Hong Kong University of Science and Technology
61	Arthur Flexer, Johannes Kepler University Linz																			Arthur Flexer, Johannes Kepler University Linz, AUT, education	AUT	education	Johannes Kepler University Linz
62	Weixing Wei, Kyoto University	Jiahao Zhao, Kyoto University	Yulun Wu, Fudan University	Kazuyoshi Yoshii, Kyoto University																Weixing Wei, Kyoto University, JPN, education; Jiahao Zhao, Kyoto University, JPN, education; Yulun Wu, Fudan University, CHN, education; Kazuyoshi Yoshii, Kyoto University, JPN, education	JPN, JPN, CHN, JPN	education, education, education, education	Kyoto University, Kyoto University, Fudan University, Kyoto University
63	Yaolong Ju, Huawei	Chun Yat Wu, Huawei	Betty Cortiñas Lorenzo, Huawei	Jing Yang, Huawei 2012 Labs	Jiajun Deng, Huawei	Fan Fan, Huawei	Simon Lui, Huawei													Yaolong Ju, Huawei, CHN, company; Chun Yat Wu, Huawei, CHN, company; Betty Cortiñas Lorenzo, Huawei, CHN, company; Jing Yang, Huawei 2012 Labs, CHN, company; Jiajun Deng, Huawei, CHN, company; Fan Fan, Huawei, CHN, company; Simon Lui, Huawei, CHN, company	CHN, CHN, CHN, CHN, CHN, CHN, CHN	company, company, company, company, company, company, company	Huawei, Huawei, Huawei, Huawei 2012 Labs, Huawei, Huawei, Huawei
64	Huan Zhang, Queen Mary University of London	Jinhua Liang, Queen Mary University of London	Simon Dixon, Queen Mary University of London																	Huan Zhang, Queen Mary University of London, GBR, education; Jinhua Liang, Queen Mary University of London, GBR, education; Simon Dixon, Queen Mary University of London, GBR, education	GBR, GBR, GBR	education, education, education	Queen Mary University of London, Queen Mary University of London, Queen Mary University of London
65	Or Tal, The Hebrew University of Jerusalem	Alon Ziv, The Hebrew University of Jerusalem	Felix Kreuk, Bar-Ilan University	Itai Gat, Meta	Yossi Adi, The Hebrew University of Jerusalem															Or Tal, The Hebrew University of Jerusalem, ISR, education; Alon Ziv, The Hebrew University of Jerusalem, ISR, education; Felix Kreuk, Bar-Ilan University, ISR, education; Itai Gat, Meta, USA, company; Yossi Adi, The Hebrew University of Jerusalem, ISR, education	ISR, ISR, ISR, USA, ISR	education, education, education, company, education	The Hebrew University of Jerusalem, The Hebrew University of Jerusalem, Bar-Ilan University, Meta, The Hebrew University of Jerusalem
66	Zachary Novack, UC San Diego	Julian McAuley, UCSD	Taylor Berg-Kirkpatrick, UCSD	Nicholas J. Bryan, Adobe Research																Zachary Novack, UC San Diego, USA, education; Julian McAuley, UCSD, USA, education; Taylor Berg-Kirkpatrick, UCSD, USA, education; Nicholas J. Bryan, Adobe Research, USA, company	USA, USA, USA, USA	education, education, education, company	UC San Diego, UCSD, UCSD, Adobe Research
67	Guang Yang, University of Washington	Muru Zhang, University of Washington	Lin Qiu, University of Washington	Yanming Wan, University of Washington	Noah A Smith, University of Washington and Allen Institute for AI															Guang Yang, University of Washington, USA, education; Muru Zhang, University of Washington, USA, education; Lin Qiu, University of Washington, USA, education; Yanming Wan, University of Washington, USA, education; Noah A Smith, University of Washington and Allen Institute for AI, USA, education	USA, USA, USA, USA, USA	education, education, education, education, education	University of Washington, University of Washington, University of Washington, University of Washington, University of Washington and Allen Institute for AI
68	Jaehun Kim, Pandora / SiriusXM	Florian Henkel, SiriusXM + Pandora	Camilo Landau, Pandora / SiriusXM	Samuel E. Sandberg, SiriusXM + Pandora	Andreas F. Ehmann, SiriusXM + Pandora															Jaehun Kim, Pandora / SiriusXM, USA, company; Florian Henkel, SiriusXM + Pandora, USA, company; Camilo Landau, Pandora / SiriusXM, USA, company; Samuel E. Sandberg, SiriusXM + Pandora, USA, company; Andreas F. Ehmann, SiriusXM + Pandora, USA, company	USA, USA, USA, USA, USA	company, company, company, company, company	Pandora / SiriusXM, SiriusXM + Pandora, Pandora / SiriusXM, SiriusXM + Pandora, SiriusXM + Pandora
69	Huiran Yu, University of Rochester	Zhiyao Duan, University of Rochester																		Huiran Yu, University of Rochester, USA, education; Zhiyao Duan, University of Rochester, USA, education	USA, USA	education, education	University of Rochester, University of Rochester
70	Karn N Watcharasupat, Georgia Institute of Technology	Alexander Lerch, Georgia Institute of Technology																		Karn N Watcharasupat, Georgia Institute of Technology, USA, education; Alexander Lerch, Georgia Institute of Technology, USA, education	USA, USA	education, education	Georgia Institute of Technology, Georgia Institute of Technology
71	Martin E Malandro, Sam Houston State University																			Martin E Malandro, Sam Houston State University, USA, education	USA	education	Sam Houston State University
72	Emmanouil Karystinaios, Johannes Kepler University	Gerhard Widmer, Johannes Kepler University																		Emmanouil Karystinaios, Johannes Kepler University, AUT, education; Gerhard Widmer, Johannes Kepler University, AUT, education	AUT, AUT	education, education	Johannes Kepler University, Johannes Kepler University
73	Seungheon Doh, KAIST	Keunwoo Choi, Genentech	Daeyong Kwon, KAIST	Taesoo Kim, KAIST	Juhan Nam, KAIST															Seungheon Doh, KAIST, KOR, education; Keunwoo Choi, Genentech, USA, company; Daeyong Kwon, KAIST, KOR, education; Taesoo Kim, KAIST, KOR, education; Juhan Nam, KAIST, KOR, education	KOR, USA, KOR, KOR, KOR	education, company, education, education, education	KAIST, Genentech, KAIST, KAIST, KAIST
74	Roser Batlle-Roca, Universitat Pompeu Fabra	Wei-Hsiang Liao, Sony Group Corporation	Xavier Serra, Universitat Pompeu Fabra 	Yuki Mitsufuji, Sony AI	Emilia Gomez, Joint Research Centre, European Commission & Universitat Pompeu Fabra															Roser Batlle-Roca, Universitat Pompeu Fabra, ESP, education; Wei-Hsiang Liao, Sony Group Corporation, JPN, company; Xavier Serra, Universitat Pompeu Fabra, ESP, education; Yuki Mitsufuji, Sony AI, JPN, company; Emilia Gomez, Joint Research Centre, European Commission & Universitat Pompeu Fabra, BEL, facility	ESP, JPN, ESP, JPN, European Commission & Universitat Pompeu Fabra	education, company, education, company, facility	Universitat Pompeu Fabra, Sony Group Corporation, Universitat Pompeu Fabra, Sony AI, Joint Research Centre
75	Seokbeom Park, KAIST	Hyunjae Kim, KAIST	Kyung Myun Lee, KAIST																	Seokbeom Park, KAIST, KOR, education; Hyunjae Kim, KAIST, KOR, education; Kyung Myun Lee, KAIST, KOR, education	KOR, KOR, KOR	education, education, education	KAIST, KAIST, KAIST
76	Recep Oguz Araz, Universitat Pompeu Fabra	Xavier Serra, Universitat Pompeu Fabra 	Dmitry Bogdanov, Universitat Pompeu Fabra																	Recep Oguz Araz, Universitat Pompeu Fabra, ESP, education; Xavier Serra, Universitat Pompeu Fabra, ESP, education; Dmitry Bogdanov, Universitat Pompeu Fabra, ESP, education	ESP, ESP, ESP	education, education, education	Universitat Pompeu Fabra, Universitat Pompeu Fabra, Universitat Pompeu Fabra
77	Chih-Pin Tan, National Taiwan University	Hsin Ai, National Taiwan University	Yi-Hsin Chang, National Taiwan University	Shuen-Huei Guan, KKCompany Techonologies	Yi-Hsuan Yang, National Taiwan University															Chih-Pin Tan, National Taiwan University, TWN, education; Hsin Ai, National Taiwan University, TWN, education; Yi-Hsin Chang, National Taiwan University, TWN, education; Shuen-Huei Guan, KKCompany Technologies, TWN, company; Yi-Hsuan Yang, National Taiwan University, TWN, education	TWN, TWN, TWN, TWN, TWN	education, education, education, company, education	National Taiwan University, National Taiwan University, National Taiwan University, KKCompany Technologies, National Taiwan University
78	Benno Weck ), Ilaria Manco, Music Technology Group, Universitat Pompeu Fabra UPF	Emmanouil Benetos, Queen Mary University of London	Elio Quinton, Queen Mary University of London	George Fazekas, Universal Music Group	Dmitry Bogdanov, QMUL															Benno Weck, Music Technology Group, Universitat Pompeu Fabra UPF, ESP, education; Ilaria Manco, Music Technology Group, Universitat Pompeu Fabra UPF, ESP, education; Emmanouil Benetos, Queen Mary University of London, GBR, education; Elio Quinton, Queen Mary University of London, GBR, education; George Fazekas, Universal Music Group, USA, company; Dmitry Bogdanov, Queen Mary University of London, GBR, education	Universitat Pompeu Fabra UPF, Universitat Pompeu Fabra UPF, GBR, GBR, USA, GBR	education, education, education, education, company, education	Music Technology Group, Music Technology Group, Queen Mary University of London, Queen Mary University of London, Universal Music Group, Queen Mary University of London
79	David Rizo, University of Alicante. Instituto Superior de Enseñanzas Artísrticas de la Comunidad Valenciana	Jorge Calvo-Zaragoza, University of Alicante	Patricia García-Iasci, University of Alicante	Teresa Delgado-Sánchez, Biblioteca Nacional de España																David Rizo, University of Alicante. Instituto Superior de Enseñanzas Artísticas de la Comunidad Valenciana, ESP, education; Jorge Calvo-Zaragoza, University of Alicante, ESP, education; Patricia García-Iasci, University of Alicante, ESP, education; Teresa Delgado-Sánchez, Biblioteca Nacional de España, ESP, facility	ESP, ESP, ESP, ESP	education, education, education, facility	University of Alicante. Instituto Superior de Enseñanzas Artísticas de la Comunidad Valenciana, University of Alicante, University of Alicante, Biblioteca Nacional de España
80	Nithya Nadig Shikarpur, Mila, University of Montreal	Krishna Maneesha Dendukuri, Mila	Yusong Wu, Mila, University of Montreal	Antoine CAILLON, IRCAM	Cheng-Zhi Anna Huang, Google Brain															Nithya Nadig Shikarpur, Mila, University of Montreal, CAN, education; Krishna Maneesha Dendukuri, Mila, CAN, education; Yusong Wu, Mila, University of Montreal, CAN, education; Antoine CAILLON, IRCAM, FRA, facility; Cheng-Zhi Anna Huang, Google Brain, USA, company	University of Montreal, CAN, University of Montreal, FRA, USA	education, education, education, facility, company	Mila, Mila, Mila, IRCAM, Google Brain
81	Megan Wei, Brown University	Michael Freeman, Brown University	Chris Donahue, Carnegie Mellon University	Chen Sun, Brown University																Megan Wei, Brown University, USA, education; Michael Freeman, Brown University, USA, education; Chris Donahue, Carnegie Mellon University, USA, education; Chen Sun, Brown University, USA, education	USA, USA, USA, USA	education, education, education, education	Brown University, Brown University, Carnegie Mellon University, Brown University
82	Marco Comunità, Queen Mary University of London	Zhi Zhong, Sony Group Corporation	Akira Takahashi, Sony Group Corporation	Shiqi Yang, Sony	Mengjie Zhao, Sony Group Corporation	Koichi Saito, Sony Gruop Corporation	Yukara Ikemiya, Sony Research	Takashi Shibuya, Sony AI	Shusuke Takahashi, Sony Group Corporation	Yuki Mitsufuji, Sony AI										Marco Comunità, Queen Mary University of London, GBR, education; Zhi Zhong, Sony Group Corporation, JPN, company; Akira Takahashi, Sony Group Corporation, JPN, company; Shiqi Yang, Sony, JPN, company; Mengjie Zhao, Sony Group Corporation, JPN, company; Koichi Saito, Sony Group Corporation, JPN, company; Yukara Ikemiya, Sony Research, JPN, facility; Takashi Shibuya, Sony AI, JPN, company; Shusuke Takahashi, Sony Group Corporation, JPN, company; Yuki Mitsufuji, Sony AI, JPN, company	GBR, JPN, JPN, JPN, JPN, JPN, JPN, JPN, JPN, JPN	education, company, company, company, company, company, facility, company, company, company	Queen Mary University of London, Sony Group Corporation, Sony Group Corporation, Sony, Sony Group Corporation, Sony Group Corporation, Sony Research, Sony AI, Sony Group Corporation, Sony AI
83	Simon Rouard, Meta AI Research	Alexandre Defossez, Kyutai	Yossi Adi, Facebook AI Research 	Jade Copet, Meta AI Research	Axel Roebel, IRCAM															Simon Rouard, Meta AI Research, USA, company; Alexandre Defossez, Kyutai, FRA, company; Yossi Adi, Facebook AI Research, USA, company; Jade Copet, Meta AI Research, USA, company; Axel Roebel, IRCAM, FRA, education	USA, FRA, USA, USA, FRA	company, company, company, company, education	Meta AI Research, Kyutai, Facebook AI Research, Meta AI Research, IRCAM
84	Marcel A Vélez Vásquez, University of Amsterdam	Charlotte Pouw, University of Amsterdam	John Ashley Burgoyne, University of Amsterdam	Willem Zuidema, ILLC, UvA																Marcel A Vélez Vásquez, University of Amsterdam, NLD, education; Charlotte Pouw, University of Amsterdam, NLD, education; John Ashley Burgoyne, University of Amsterdam, NLD, education; Willem Zuidema, ILLC, UvA, NLD, education	NLD, NLD, NLD, UvA	education, education, education, education	University of Amsterdam, University of Amsterdam, University of Amsterdam, ILLC
85	Behzad Haki, Universitat Pompeu Fabra	Nicholas Evans, Universitat Pompeu Fabra	Daniel Gómez, MTG	Sergi Jordà, Universitat Pompeu Fabra																Behzad Haki, Universitat Pompeu Fabra, ESP, education; Nicholas Evans, Universitat Pompeu Fabra, ESP, education; Daniel Gómez, MTG, ESP, education; Sergi Jordà, Universitat Pompeu Fabra, ESP, education	ESP, ESP, ESP, ESP	education, education, education, education	Universitat Pompeu Fabra, Universitat Pompeu Fabra, MTG, Universitat Pompeu Fabra
86	Chenyu Gao, University of York	Federico Reuben, University of York	Tom Collins, University of York, MAIA, Inc.																	Chenyu Gao, University of York, GBR, education; Federico Reuben, University of York, GBR, education; Tom Collins, University of York, GBR, education; Tom Collins, MAIA, Inc., USA, company	GBR, GBR, GBR, Inc.	education, education, education, company	University of York, University of York, University of York, MAIA
87	Mequanent Argaw Muluneh, Academia Sinica, National Chengchi University, Debre Markos University	Yan-Tsung Peng, National Chengchi University	Li Su, Academia Sinica																	Mequanent Argaw Muluneh, Academia Sinica, National Chengchi University, Debre Markos University, TWN, education; Yan-Tsung Peng, National Chengchi University, TWN, education; Li Su, Academia Sinica, TWN, education	National Chengchi University, TWN, TWN	education, education, education	Academia Sinica, National Chengchi University, Academia Sinica
88	Xavier Riley, C4DM	Zixun Guo, Singapore University of Technology and Design	Andrew C Edwards, QMUL	Simon Dixon, Queen Mary University of London																Xavier Riley, C4DM, GBR, facility; Zixun Guo, Singapore University of Technology and Design, SGP, education; Andrew C Edwards, QMUL, GBR, education; Simon Dixon, Queen Mary University of London, GBR, education	GBR, SGP, GBR, GBR	facility, education, education, education	C4DM, Singapore University of Technology and Design, QMUL, Queen Mary University of London
89	Jan Melechovsky, Singapore University of Technology and Design	Abhinaba Roy, SUTD	Dorien Herremans, Singapore University of Technology and Design																	Jan Melechovsky, Singapore University of Technology and Design, SGP, education; Abhinaba Roy, Singapore University of Technology and Design, SGP, education; Dorien Herremans, Singapore University of Technology and Design, SGP, education	SGP, SGP, SGP	education, education, education	Singapore University of Technology and Design, Singapore University of Technology and Design, Singapore University of Technology and Design
90	Yuexuan KONG, Deezer	Vincent Lostanlen, LS2N, CNRS	Gabriel Meseguer Brocal, Deezer	Stella Wong, Columbia University	Mathieu Lagrange, LS2N	Romain Hennequin, Deezer Research														Yuexuan KONG, Deezer, FRA, company; Vincent Lostanlen, LS2N, CNRS, FRA, facility; Gabriel Meseguer Brocal, Deezer, FRA, company; Stella Wong, Columbia University, USA, education; Mathieu Lagrange, LS2N, FRA, facility; Romain Hennequin, Deezer Research, FRA, company	FRA, CNRS, FRA, USA, FRA, FRA	company, facility, company, education, facility, company	Deezer, LS2N, Deezer, Columbia University, LS2N, Deezer Research
91	Qixin Deng, University of Rochester	Qikai Yang, University of Illinois at Urbana-Champaign	Ruibin Yuan, CMU	Yipeng Huang, Multimodal Art Projection Research Community	Yi Wang, CMU	Xubo Liu, University of Surrey	Zeyue Tian, Hong Kong University of Science and Technology	Jiahao Pan, The Hong Kong University of Science and Technology	Ge Zhang, University of Michigan	Hanfeng Lin, Multimodal Art Projection Research Community	Yizhi Li, The University  of Sheffield	Yinghao MA, Queen Mary University of London	Jie Fu, HKUST	Chenghua Lin, University of Manchester	Emmanouil Benetos, Queen Mary University of London	Wenwu  Wang, University of Surrey	Guangyu Xia, NYU Shanghai	Wei Xue, The Hong Kong University of Science and Technology	Yike Guo, Hong Kong University of Science and Technology	Qixin Deng, University of Rochester, USA, education; Qikai Yang, University of Illinois at Urbana-Champaign, USA, education; Ruibin Yuan, CMU, USA, education; Yipeng Huang, Multimodal Art Projection Research Community, Unknown, facility; Yi Wang, CMU, USA, education; Xubo Liu, University of Surrey, GBR, education; Zeyue Tian, Hong Kong University of Science and Technology, HKG, education; Jiahao Pan, The Hong Kong University of Science and Technology, HKG, education; Ge Zhang, University of Michigan, USA, education; Hanfeng Lin, Multimodal Art Projection Research Community, Unknown, facility; Yizhi Li, The University of Sheffield, GBR, education; Yinghao MA, Queen Mary University of London, GBR, education; Jie Fu, HKUST, HKG, education; Chenghua Lin, University of Manchester, GBR, education; Emmanouil Benetos, Queen Mary University of London, GBR, education; Wenwu Wang, University of Surrey, GBR, education; Guangyu Xia, NYU Shanghai, CHN, education; Wei Xue, The Hong Kong University of Science and Technology, HKG, education; Yike Guo, Hong Kong University of Science and Technology, HKG, education	USA, USA, USA, Unknown, USA, GBR, HKG, HKG, USA, Unknown, GBR, GBR, HKG, GBR, GBR, GBR, CHN, HKG, HKG	education, education, education, facility, education, education, education, education, education, facility, education, education, education, education, education, education, education, education, education	University of Rochester, University of Illinois at Urbana-Champaign, CMU, Multimodal Art Projection Research Community, CMU, University of Surrey, Hong Kong University of Science and Technology, The Hong Kong University of Science and Technology, University of Michigan, Multimodal Art Projection Research Community, The University of Sheffield, Queen Mary University of London, HKUST, University of Manchester, Queen Mary University of London, University of Surrey, NYU Shanghai, The Hong Kong University of Science and Technology, Hong Kong University of Science and Technology
92	Joanne Affolter, Ecole Polytechnique Fédérale de Lausanne (EPFL)	 Yannis Rammos, Ecole Polytechnique Fédérale de Lausanne (EPFL)	 Martin A Rohrmeier, Ecole Polytechnique Fédérale de Lausanne (EPFL)																	Joanne Affolter, Ecole Polytechnique Fédérale de Lausanne (EPFL), CHE, education; Yannis Rammos, Ecole Polytechnique Fédérale de Lausanne (EPFL), CHE, education; Martin A Rohrmeier, Ecole Polytechnique Fédérale de Lausanne (EPFL), CHE, education	CHE, CHE, CHE	education, education, education	Ecole Polytechnique Fédérale de Lausanne (EPFL), Ecole Polytechnique Fédérale de Lausanne (EPFL), Ecole Polytechnique Fédérale de Lausanne (EPFL)
93	Shahan Nercessian, Native Instruments	Johannes Imort, Native Instruments	Ninon Devis, Native Instruments	Frederik Blang, Native Instruments																Shahan Nercessian, Native Instruments, DEU, company; Johannes Imort, Native Instruments, DEU, company; Ninon Devis, Native Instruments, DEU, company; Frederik Blang, Native Instruments, DEU, company	DEU, DEU, DEU, DEU	company, company, company, company	Native Instruments, Native Instruments, Native Instruments, Native Instruments
94	Emmanuel Deruty, Sony Computer Science Laboratories																			Emmanuel Deruty, Sony Computer Science Laboratories, JPN, company	JPN	company	Sony Computer Science Laboratories
95	Liwei Lin, New York University Shanghai	Gus Xia, New York University Shanghai	Junyan Jiang, New York University Shanghai	Yixiao Zhang, Queen Mary University of London																Liwei Lin, New York University Shanghai, CHN, education; Gus Xia, New York University Shanghai, CHN, education; Junyan Jiang, New York University Shanghai, CHN, education; Yixiao Zhang, Queen Mary University of London, GBR, education	CHN, CHN, CHN, GBR	education, education, education, education	New York University Shanghai, New York University Shanghai, New York University Shanghai, Queen Mary University of London
96	Ilaria Manco, Queen Mary University of London	Justin Salamon, Adobe	Oriol Nieto, Adobe																	Ilaria Manco, Queen Mary University of London, GBR, education; Justin Salamon, Adobe, USA, company; Oriol Nieto, Adobe, USA, company	GBR, USA, USA	education, company, company	Queen Mary University of London, Adobe, Adobe
97	Yigitcan Özer, International Audio Laboratories Erlangen	Hans-Ulrich Berendes, International Audio Laboratories Erlangen	Vlora Arifi-Müller, International Audio Laboratories Erlangen 	Fabian-Robert Stöter, AudioShake, Inc.	Meinard Müller, International Audio Laboratories Erlangen															Yigitcan Özer, International Audio Laboratories Erlangen, DEU, education; Hans-Ulrich Berendes, International Audio Laboratories Erlangen, DEU, education; Vlora Arifi-Müller, International Audio Laboratories Erlangen, DEU, education; Fabian-Robert Stöter, AudioShake, Inc., USA, company; Meinard Müller, International Audio Laboratories Erlangen, DEU, education	DEU, DEU, DEU, Inc., DEU	education, education, education, company, education	International Audio Laboratories Erlangen, International Audio Laboratories Erlangen, International Audio Laboratories Erlangen, AudioShake, International Audio Laboratories Erlangen
98	Fang Duo Tsai, National Taiwan University	Shih-Lun Wu, Carnegie Mellon University	Haven Kim, University of California San Diego	Bo-Yu Chen, National Taiwan University, Rhythm Culture Corporation	Hao-Chung Cheng, National Taiwan University	Yi-Hsuan Yang, National Taiwan University														Fang Duo Tsai, National Taiwan University, TWN, education; Shih-Lun Wu, Carnegie Mellon University, USA, education; Haven Kim, University of California San Diego, USA, education; Bo-Yu Chen, National Taiwan University, TWN, education; Bo-Yu Chen, Rhythm Culture Corporation, TWN, company; Hao-Chung Cheng, National Taiwan University, TWN, education; Yi-Hsuan Yang, National Taiwan University, TWN, education	TWN, USA, USA, TWN, TWN, TWN, TWN	education, education, education, education, company, education, education	National Taiwan University, Carnegie Mellon University, University of California San Diego, National Taiwan University, Rhythm Culture Corporation, National Taiwan University, National Taiwan University
99	Mickaël Zehren, Umeå University	Marco Alunno, Universidad EAFIT Medellín	Paolo Bientinesi, Umeå Universitet																	Mickaël Zehren, Umeå University, SWE, education; Marco Alunno, Universidad EAFIT Medellín, COL, education; Paolo Bientinesi, Umeå Universitet, SWE, education	SWE, COL, SWE	education, education, education	Umeå University, Universidad EAFIT Medellín, Umeå Universitet
100	Michele Newman, University of Washington	Lidia Morris, University of Washington	Jun Kato ), Masataka Goto ), Jason Yip, National Institute of Advanced Industrial Science and Technology AIST	Jin Ha Lee, National Institute of Advanced Industrial Science and Technology AIST																Michele Newman, University of Washington, USA, education; Lidia Morris, University of Washington, USA, education; Jun Kato, National Institute of Advanced Industrial Science and Technology AIST, JPN, facility; Jin Ha Lee, National Institute of Advanced Industrial Science and Technology AIST, JPN, facility	USA, USA, JPN, JPN	education, education, facility, facility	University of Washington, University of Washington, National Institute of Advanced Industrial Science and Technology AIST, National Institute of Advanced Industrial Science and Technology AIST
101	Giovanni Bindi, IRCAM																			Giovanni Bindi, IRCAM, FRA, facility	FRA	facility	IRCAM
102	Giulia Arguello, ETH Zurich	Luca A Lanzendoerfer, ETH Zurich	Roger Wattenhofer, ETH Zurich																	Giulia Arguello, ETH Zurich, CHE, education; Luca A Lanzendoerfer, ETH Zurich, CHE, education; Roger Wattenhofer, ETH Zurich, CHE, education	CHE, CHE, CHE	education, education, education	ETH Zurich, ETH Zurich, ETH Zurich
103	Jiajun Deng, The Chinese University of HongKong	Yaolong Ju, Huawei	Jing Yang, Huawei 2012 Labs	Simon Lui, Huawei	Xunying Liu, The Chinese University of Hong Kong															Jiajun Deng, The Chinese University of HongKong, CHN, education; Yaolong Ju, Huawei, CHN, company; Jing Yang, Huawei 2012 Labs, CHN, company; Simon Lui, Huawei, CHN, company; Xunying Liu, The Chinese University of Hong Kong, CHN, education	CHN, CHN, CHN, CHN, CHN	education, company, company, company, education	The Chinese University of HongKong, Huawei, Huawei 2012 Labs, Huawei, The Chinese University of Hong Kong
104	Soumya Sai Vanka, QMUL	Christian J. Steinmetz, Queen Mary University of London	Jean-Baptiste Rolland, Steinberg Media Technologies GmbH	Joshua D. Reiss, Queen Mary University of London	George Fazekas, QMUL															Soumya Sai Vanka, QMUL, GBR, education; Christian J. Steinmetz, Queen Mary University of London, GBR, education; Jean-Baptiste Rolland, Steinberg Media Technologies GmbH, DEU, company; Joshua D. Reiss, Queen Mary University of London, GBR, education; George Fazekas, QMUL, GBR, education	GBR, GBR, DEU, GBR, GBR	education, education, company, education, education	QMUL, Queen Mary University of London, Steinberg Media Technologies GmbH, Queen Mary University of London, QMUL
105	Marios Glytsos, National Technical University of Athens	Christos Garoufis, Athena Research Center	Athanasia Zlatintsi, Athena Research Center	Petros Maragos, National Technical University of Athens																Marios Glytsos, National Technical University of Athens, GRC, education; Christos Garoufis, Athena Research Center, GRC, facility; Athanasia Zlatintsi, Athena Research Center, GRC, facility; Petros Maragos, National Technical University of Athens, GRC, education	GRC, GRC, GRC, GRC	education, facility, facility, education	National Technical University of Athens, Athena Research Center, Athena Research Center, National Technical University of Athens
106	Sebastian Strahl, International Audio Laboratories Erlangen	Meinard Müller, International Audio Laboratories Erlangen																		Sebastian Strahl, International Audio Laboratories Erlangen, DEU, facility; Meinard Müller, International Audio Laboratories Erlangen, DEU, facility	DEU, DEU	facility, facility	International Audio Laboratories Erlangen, International Audio Laboratories Erlangen
107	Adithi Shankar, Music Technology Group- Universitat Pompeu Fabra	Genís Plaja-Roglans, Music Technology Group	Thomas Nuttall, Universitat Pompeu Fabra, Barcelona	Martín Rocamora, Universitat Pompeu Fabra	Xavier Serra, Universitat Pompeu Fabra															Adithi Shankar, Music Technology Group- Universitat Pompeu Fabra, ESP, education; Genís Plaja-Roglans, Music Technology Group, ESP, education; Thomas Nuttall, Universitat Pompeu Fabra, Barcelona, ESP, education; Martín Rocamora, Universitat Pompeu Fabra, ESP, education; Xavier Serra, Universitat Pompeu Fabra, ESP, education	ESP, ESP, Barcelona, ESP, ESP	education, education, education, education, education	Music Technology Group- Universitat Pompeu Fabra, Music Technology Group, Universitat Pompeu Fabra, Universitat Pompeu Fabra, Universitat Pompeu Fabra
108	Mathias Rose Bjare, Johannes Kepler University Linz	Stefan Lattner, Sony Computer Science Laboratories, Paris	Gerhard Widmer, Johannes Kepler University																	Mathias Rose Bjare, Johannes Kepler University Linz, AUT, education; Stefan Lattner, Sony Computer Science Laboratories, Paris, FRA, company; Gerhard Widmer, Johannes Kepler University, AUT, education	AUT, Paris, AUT	education, company, education	Johannes Kepler University Linz, Sony Computer Science Laboratories, Johannes Kepler University
109	Francesco Foscarin, Johannes Kepler University Linz	Emmanouil Karystinaios, Johannes Kepler University	Eita Nakamura, Kyoto University	Gerhard Widmer, Johannes Kepler University																Francesco Foscarin, Johannes Kepler University Linz, AUT, education; Emmanouil Karystinaios, Johannes Kepler University, AUT, education; Eita Nakamura, Kyoto University, JPN, education; Gerhard Widmer, Johannes Kepler University, AUT, education	AUT, AUT, JPN, AUT	education, education, education, education	Johannes Kepler University Linz, Johannes Kepler University, Kyoto University, Johannes Kepler University
110	Zeng Ren, École Polytechnique Fédérale de Lausanne	Yannis Rammos, EPFL	Martin A Rohrmeier, Ecole Polytechnique Fédérale de Lausanne																	Zeng Ren, École Polytechnique Fédérale de Lausanne, CHE, education; Yannis Rammos, EPFL, CHE, education; Martin A Rohrmeier, Ecole Polytechnique Fédérale de Lausanne, CHE, education	CHE, CHE, CHE	education, education, education	École Polytechnique Fédérale de Lausanne, EPFL, Ecole Polytechnique Fédérale de Lausanne
111	Ondřej Cífka, AudioShake	Hendrik Schreiber, AudioShake	Luke Miner, AudioShake	Fabian-Robert Stöter, AudioShake																Ondřej Cífka, AudioShake, USA, company; Hendrik Schreiber, AudioShake, USA, company; Luke Miner, AudioShake, USA, company; Fabian-Robert Stöter, AudioShake, USA, company	USA, USA, USA, USA	company, company, company, company	AudioShake, AudioShake, AudioShake, AudioShake
112	Alain Riou, Sony CSL Paris	Stefan Lattner, Sony Computer Science Laboratories, Paris	Gaëtan Hadjeres, Sony CSL	Michael Anslow, Sony Computer Science Laboratories, Paris	Geoffroy Peeters, LTCI - Télécom Paris, IP Paris															Alain Riou, Sony CSL Paris, FRA, company; Stefan Lattner, Sony Computer Science Laboratories, Paris, FRA, company; Gaëtan Hadjeres, Sony CSL, FRA, company; Michael Anslow, Sony Computer Science Laboratories, Paris, FRA, company; Geoffroy Peeters, LTCI - Télécom Paris, IP Paris, FRA, education	FRA, Paris, FRA, Paris, IP Paris	company, company, company, company, education	Sony CSL Paris, Sony Computer Science Laboratories, Sony CSL, Sony Computer Science Laboratories, LTCI - Télécom Paris
113	Julien Guinot, Queen Mary University of London	Elio Quinton, Universal Music Group	György Fazekas, QMUL																	Julien Guinot, Queen Mary University of London, GBR, education; Elio Quinton, Universal Music Group, USA, company; György Fazekas, QMUL, GBR, education	GBR, USA, GBR	education, company, education	Queen Mary University of London, Universal Music Group, QMUL
114	Pedro Pereira Sarmento, Centre for Digital Music	Jackson J Loth, Queen Mary University of London	Mathieu Barthet, Queen Mary University of London																	Pedro Pereira Sarmento, Centre for Digital Music, GBR, facility; Jackson J Loth, Queen Mary University of London, GBR, education; Mathieu Barthet, Queen Mary University of London, GBR, education	GBR, GBR, GBR	facility, education, education	Centre for Digital Music, Queen Mary University of London, Queen Mary University of London
115	Pedro Ramoneda, Universitat Pompeu Fabra	Martín Rocamora, Universidad de la República	Taketo Akama, Sony CSL																	Pedro Ramoneda, Universitat Pompeu Fabra, ESP, education; Martín Rocamora, Universidad de la República, URY, education; Taketo Akama, Sony CSL, JPN, company	ESP, URY, JPN	education, education, company	Universitat Pompeu Fabra, Universidad de la República, Sony CSL
116	Julia Barnett, Northwestern University	Bryan Pardo, Northwestern University	Hugo Flores García, Northwestern University																	Julia Barnett, Northwestern University, USA, education; Bryan Pardo, Northwestern University, USA, education; Hugo Flores García, Northwestern University, USA, education	USA, USA, USA	education, education, education	Northwestern University, Northwestern University, Northwestern University
117	Brian Bemman, Durham University	Justin Christensen, The University of Sheffield																		Brian Bemman, Durham University, GBR, education; Justin Christensen, The University of Sheffield, GBR, education	GBR, GBR	education, education	Durham University, The University of Sheffield
118	Antonin Gagneré, LTCI - Télécom Paris, IP Paris	Slim Essid,   LTCI - Télécom Paris, IP Paris	Geoffroy Peeters, LTCI - Télécom Paris, IP Paris																	Antonin Gagneré, LTCI - Télécom Paris, IP Paris, FRA, education; Slim Essid, LTCI - Télécom Paris, IP Paris, FRA, education; Geoffroy Peeters, LTCI - Télécom Paris, IP Paris, FRA, education	IP Paris, IP Paris, IP Paris	education, education, education	LTCI - Télécom Paris, LTCI - Télécom Paris, LTCI - Télécom Paris
119	Christopher J. Tralie, Ursinus College	Ben Cantil, DataMind Audio																		Christopher J. Tralie, Ursinus College, USA, education; Ben Cantil, DataMind Audio, USA, company	USA, USA	education, company	Ursinus College, DataMind Audio
120	Dorian Desblancs, Deezer Research	Gabriel Meseguer Brocal, Deezer	Romain Hennequin, Deezer Research	Manuel Moussallam, Deezer																Dorian Desblancs, Deezer Research, FRA, company; Gabriel Meseguer Brocal, Deezer, FRA, company; Romain Hennequin, Deezer Research, FRA, company; Manuel Moussallam, Deezer, FRA, company	FRA, FRA, FRA, FRA	company, company, company, company	Deezer Research, Deezer, Deezer Research, Deezer
121	Javier Nistal, Sony CSL	Marco Pasini, Queen Mary University of London	Cyran Aouameur, Sony CSL	Stefan Lattner, Sony Computer Science Laboratories, Paris	Maarten Grachten, Machine Learning Consultant															Javier Nistal, Sony CSL, JPN, company; Marco Pasini, Queen Mary University of London, GBR, education; Cyran Aouameur, Sony CSL, JPN, company; Stefan Lattner, Sony Computer Science Laboratories, Paris, FRA, company; Maarten Grachten, Machine Learning Consultant, N/A, company	JPN, GBR, JPN, Paris, N/A	company, education, company, company, company	Sony CSL, Queen Mary University of London, Sony CSL, Sony Computer Science Laboratories, Machine Learning Consultant
122	Morgan Buisson, Telecom-Paris	Brian McFee, New York University	Slim Essid, Telecom Paris - Institut Polytechnique de Paris																	Morgan Buisson, Telecom-Paris, FRA, education; Brian McFee, New York University, USA, education; Slim Essid, Telecom Paris - Institut Polytechnique de Paris, FRA, education	FRA, USA, FRA	education, education, education	Telecom-Paris, New York University, Telecom Paris - Institut Polytechnique de Paris
